{"cameraMode":{"drawMode":0,"name":"Shaded","section":"Shading Mode"},"sceneLighting":false,"audioPlay":false,"sceneViewState":{"showFog":true,"showMaterialUpdate":false,"showSkybox":false,"showFlares":true,"showImageEffects":true,"showParticleSystems":true},"in2DMode":false,"pivot":{"x":-11.382062911987305,"y":5.309415817260742,"z":-0.13306760787963868},"rotation":{"x":0.1624598354101181,"y":0.6881909966468811,"z":-0.1624598652124405,"w":0.6881909966468811},"size":12.480361938476563,"orthographic":false}